Text,Predicted Sentiment
we had from a reliable source that blum will cook drop your link below someone needs it rtlike,neutral
hello what is your favorite tap to earn project like for blum and retweet for some lucky people will receive ton so must send your ton wallet below,positive
do you need more blum referrals drop your link in the comments,positive
drop your blum and hamster links for others mine,neutral
less than one hour remaining claim your bps before its too late ps stuck on validating should be no more we heard that our frens are much much faster now with confirming your progress and dealt with the backlogcheck it out,neutral
if you still need blum invites drop your link straight blum,neutral
kip dropping your blum frens links,neutral
were lowkey tallying up your referral no cap everythings gonna be okie real soon,neutral
dont miss the blum airdrop blum is a brc20 project blum is already on the premarket at 0055 cost free first make sure to retweet this to help others and drop your referral link at the end,positive
do this 1 create a new ton wallet 2 send all your tons from the other ton wallet to it 3 never use it to interact with any dapp 4 make sure the ton wallet connected to your telegram mini app projects is empty stay safe,positive
oya oya back to web 3 drop your blum links,neutral
kondisi njir kalo ada grup chat saat drama hari ini nathan ketarketir jusa peace and gawl menunggu gongnya duta plot twist ivar sibuk with the boys blum update apaapa rafa sibuk rekam cicak,neutral
free to use while i sleep 3 _ _o,positive
heres my humble brag my greatgrandfather was se hintons principal when she wrote the outsiders in high school,neutral
it cost 0 to retweet if you have a child or you are looking forward to get one please dont skip this post if you cant make donation have time to say a prayer for him acc 2004536345 globus bank finidi george nwabali boniface sack efcc super eagles fubara,positive
my downlines earned 135k blum youre not late farm aggressively first tweet hit 11 million impressions this is my last tweet on blum farming drop your link to boost ur points asap,neutral
your telegram favorite project 1 blum 2 hamster 3 tapswap or other in reply section,neutral
do you think blum make you millionaire drop your blum link like repost follow,neutral
breaking blum we want to be chain agnostic,neutral
dear twitter users im asking for 036 seconds of your time today to help retweet my art verydarkman nwabali rccg yvonne jegede ibadan don jazzy blum,neutral
only press if you love blum,positive
la réponse de larrièrepetitfils de léon blum à macron et aux anti front populaire entretien dactu reçoit antoine malamoud larrièrepetitfils de léon blum,neutral
road to 100k blum points how many points have you accumulated repost and drop your link in the comments,positive
use your blum tickets to accumulate blums anyone can afford a mic and an iphone to make stupid tik tok videos,negative
dear blum miners if you still need 10 referrals to qualify for the blum airdrop i need referral links like 500 drop your blum link quickly and retweet zent droids lingo cash mine fame,positive
blum would be listing on binance and okx first and you know what that means,positive
une chose est sûre blum aurait combattu macron de toutes ses forces,neutral
le nom front populaire est une insulte à la mémoire de léon blum qui était socialiste et sioniste,neutral
how to be a winner in the web 3 its simple dump your allocation before the devs and their partners do if you let them dump before you your life has spoilt blum,neutral
all unused blum tickets will burned at tge use all your tickets drop your links lets join up with your ref sign up with this,neutral
i heard twitter is a land of bliss it will cost 037sec to help retweet this if this makes it to your timeline kindly like and retweet my work aunty ramota blum cucumber yvonne jegede naira dollars congratulations moe,positive
drop your blum links mine,neutral
have you farmed blum today drop your invite link zent droids lingo cash mine,neutral
avant de traiter les membres du dantisémites il serait pas idiot de relire ce que son fondateur initial léon blum disait du sionisme avant de sen rapprocher après la shoah,negative
so some of you still havent gotten your 10referrals alright drop your blum links mine,neutral
dear blum miners if you need 10 more referrals to qualify for the blum airdrop i can help i need 1000 referral links drop your blum link quickly and retweet this post lets help everyone to qualify zent droids lingo,positive
have you farmed blum today drop your invite link retweet and quote this ttwit zent droids lingo cash mine,neutral
incase you still need blum invites drop your links in comments,neutral
hey profit per hour is going to be more important than token balance for the token airdrop allocation blum,positive
drop your blum invite link below is the latest engagement farming tactics,positive
im more bullish on gleam aqua protocol than blum,positive
how is this possible in blum,neutral
je prendrai la place quon souhaitera pour transformer la vie des gens quand jai lancé lidée dun front populaire cest avec en mémoire la figure de léon blum mais aussi de léo lagrange ministre des loisirs qui en a un mois a rallumé une lumière avec les premiers congés,neutral
dear blum miners if you still need 10 referrals to qualify for the blum airdrop i need referral links like 50 drop your blum link quickly and retweet mine mine,positive
jusquau 7 juillet notre collectif planète boum boum devient planète blum blum,neutral
not even a p can s you if youve watched this video mine zent uro cash kip rvv anuty ramota cucumber blum full video in thread,positive
what this dude is doing bluming blum it guys,neutral
blum follow mega post if you are a blum community member 1 repost and like 2 reply with emoji 3 follow 10 other blum members who replied,neutral
pekita presale live last 48 hours send sol to 6zh54ueeqvbqzm7yya3lykebbmyrdbqtlye1j1ax6azq minimum 025 max 10 supply 200000000 for airdrop rt this post drop solana address and follow,neutral
udah sampe rumah blum,neutral
jim hensons creature shop is working their magic again we arent sure what theyre working on but we know it will be great,positive
weve hit 10 million users big shouts to our awesome community blumies blumbassadors and yup even the haters we see you your love is everything to us blum just dropped and the fams already this lit its straightup wild lets get it with blum,positive
the two grimmest moments in cinema history,neutral
price gonna be 1 we will be millionaires guys hit like if you agree blum,neutral
pixel tap daily combo blum,neutral
blum đã cho nhận lại points ref nên cần gấp 2000 link mời từ anh em cmt xuống bên dưới bài nhé trong group mình nhiều anh em vẫn còn chưa làm và đang cần nhiều link để làm nên nhờ anh em triển nhiệt lên nè chiến nào,neutral
oser la référence historique au front populaire du juif léon blum tout en salliant avec ceux qui font exploser lantisémitisme en france la nausée,neutral
blum will cook blum will not cook,neutral
oh yeah,neutral
blum will soon be listed on binance have you farmed blum drop your blum invite link like repost follow,neutral
dear blum miners if you still need 10 referrals to qualify for the blum airdrop i need referral links like 50 drop your blum link quickly and retweet mine mine,positive
just exhausted my blum game tickets for the first time i feel relieved,negative
if you dont have up to 10 referrals yet on blum drop your blum referral link under this post so people can use your link like repost follow i will repost some replies,neutral
how much points you have mined so far for blum drop it,neutral
your blum tickets will be burned at tge but keep holding,neutral
showcase your blum points you can also drop your blum link like and retweet,neutral
i have seen that to be eligible for blum airdrop you should have a minimum of 10 invites in blum dont know if this is real or not anyway everyone complete 10 invites drop your links,neutral
im concentrated on two socialfi farming for now qbitz blum drop your blum links like and retweet,neutral
la front populaire cétait le gouvernement léon blum lfi a basé sa campagne sur lantisémitisme et la haine de lautre analyse lhistorienne perrine simonnahum,neutral
todays daily combo for 5000000 tokens follow for tomorrows cards blum,neutral
blum blum you know what to do drop it,neutral
dont waste your blum tickets guys something huge is coming save that save the watch the video and drop your blum links,neutral
which is better in the following qbitz zent lingo mine blum drop it,positive
comment le parti des héritiers de blum peutil défiler sans ne rien dire avec ces factieux antisémites le parti des indigènes de la république est islamiste et séparatiste déteste la france et sa laicïté et fait lapologie du terrorisme estce trop demander à des,neutral
blum link still on high demand i have used mine drop your blum link for others asap,neutral
penny loafer 29000 naira available in sizes and colors nationwide delivery whatsapp kindly send a dm to order,positive
une vive pensée ce soir à léon blum 1er ministre du front populaire déporté à buchenwald en 1943 un rescapé donc dont une certaine gauche souille ce soir la mémoire pour un plat de lentilles,neutral
palmeiras em 1996 em pé marcos júnior rincón cléber sandro blum cafu agachados galeano flávio conceição luizão viola e djalminha nostálgico,neutral
tu ten foutais pas mal du repos de léon blum y a pas si longtemps,neutral
rekomendasi game telegram potensial airdrop yg bikin cuan tanpa modal jgn lupa digarap yg rajin dan jgn smpe nyesel ketinggalan airdrop game tap tap layar seperti notcoin di telegram yes coin pixeltap blum,negative
im concentrated on 10 socialfi farming for now time farm blum etc drop your blum links and other farming like and retweet,neutral
blum miners frens if you need 10 more referrals to qualify for the blum airdrop i can help i need 50 blum referral links drop your blum link quickly and share this post lets help everyone to qualify,positive
blum is giving me some serious next not vibes drop your blum referral link below and ill repost some of the best ones,neutral
have you farmed blum today drop your blum invite link like repost follow,neutral
if you would ask that blum will cook we will probably say a big yes blum is the next notcoin and going to prove it soon dont fade out if you want you can share your link here,neutral
یه کلمه blum یا همستر,neutral
if youre farming blum drop your referral link and like this tweet 50 to two persons who must be following me,neutral
showcase your blum points you can also drop your blum link like follow and retweet,neutral
there will be no next notcoin but blum will be the first how many blum have you mined drop your blum links,positive
night farming lets boost everyones bag see blum engage see zent engage see droids engage see bluai engage see beyond engage see mine engage,neutral
lextrêmedroite menace gravement lunité et la concorde nationale il faut pour laffronter de la clarté sur les valeurs et de la sincérité dans les convictions le rassemblement de la gauche de gouvernement ne peut pas se faire avec lfi sauf à tout trahir de lhéritage de blum,neutral
drop your blum link mine is used up already you cant claim without 10 referral minimum,neutral
kalian jangan terlalu fokus di hamster kombat ini blum juga wajib dipush mulai farm blum kalau invite sudah penuh coba cek komentar mungkin ada yg share,neutral
have you farmed blum today listing on top exchanges soon 1 blum 1 if so what would be your reaction try to complete 10 refferals task drop your blum link,positive
cipher code for today is nft n _ f _ t _ sorry for you know follow for tomorrows code,negative
big airdrop blum,neutral
good morning fess udah sarapan blum,positive
nempêche cest trop drôle jusquà avanthier à chaque fois quon entendait le nom de corbière dans les médias cétait pour nous parler de sa fille de son hlm des travaux quil aurait fait financer avec des aides aujourdhui tallumes bfm cest devenu léon blum,neutral
i farm only blum and it is listing at 005 but let me support hamsters farmers both blum and hamsters will give us millions drop your links like and retweet lets get this post to everyone on x,neutral
all blum tickets will burned at tge use all your tickets,neutral
